Source Well,Destination Well,Transfer Volume
A01,A3,608.5209003215434
A03,A3,391.47909967845663
