Well,Content,Concentration,Unnamed: 3
A01,Sample X1,48.739,
A03,Sample X17,6.8420000000000005,
C01,Sample X2,24.495,
C03,Sample X18,3.7319999999999998,
E01,Sample X3,14.040999999999999,
E03,Sample X19,50.621,
G01,Sample X4,6.997000000000001,
G03,Sample X20,25.445999999999998,
I01,Sample X5,3.778,
I03,Sample X21,12.245,
K01,Sample X6,48.1,
K03,Sample X22,6.396,
M01,Sample X7,24.328000000000003,
M03,Sample X23,3.03,
O01,Sample X8,12.352,
