Source Well,Destination Well,Transfer Volume
A01,A1,-3055.3582225328064
A03,A1,-1965.600336028371
O21,A1,8010.548879534196
O23,A1,7010.409679026981
