Sample Well ID,Sample Concentration,Sample Calculated Weight,Sample Calculated Weight Normalised,Sample Calculated Volume In Pool
A01,1.9480000000000002,1.5544147843942504,-0.30553582225328063,-3055.3582225328064
A03,3.028,1.0,-0.1965600336028371,-1965.600336028371
O21,-0.743,-4.075370121130552,0.8010548879534196,8010.548879534196
O23,-0.8490000000000001,-3.566548881036513,0.7010409679026981,7010.409679026981
