Sample Well ID,Sample Concentration,Sample Calculated Weight,Sample Calculated Weight Normalised,Sample Calculated Volume In Pool
A01,1.9480000000000002,1.5544147843942504,5.1330372038739305e-05,
O21,0.0001,30280.0,0.9999156473146418,
A03,3.028,1.0,3.3022313319506004e-05,
