Source Well,Destination Well,Transfer Volume
A01,A1,6085.209003215434
A03,A1,3914.7909967845662
