Source Well,Destination Well,Transfer Volume
A01,A1,311.734548805645
A03,A1,196.5692839362698
C01,A1,94.24341789142721
C03,A1,1183.971945298261
E01,A1,77.6796714056213
E03,A1,157.0309738603754
G01,A1,-7773.033206088583
G03,A1,-3109.2132824354326
I01,A1,126.25689529663659
I03,A1,146.36083810072648
K01,A1,1385.8896413956386
K03,A1,-1502.3509557986333
M01,A1,6746.406178869336
M03,A1,11173.735233752337
O01,A1,76.68014743299909
O03,A1,708.0386682773758
