Well,Content,Concentration,Unnamed: 3
A01,Sample X1,15.414000000000001,
A03,Sample X17,26.381,
C01,Sample X2,27.195999999999998,
C03,Sample X18,24.935,
E01,Sample X3,23.628,
E03,Sample X19,13.429,
G01,Sample X4,25.107,
G03,Sample X20,25.587,
I01,Sample X5,24.871,
I03,Sample X21,16.735,
K01,Sample X6,17.469,
K03,Sample X22,16.285,
M01,Sample X7,28.230999999999998,
M03,Sample X23,26.662,
O01,Sample X8,24.357,
O03,Sample X24,7.4110000000000005,
