Well,Content,Concentration
A01,Sample X1,38.158
A03,Sample X17,44.132
C01,Sample X2,44.376000000000005
C03,Sample X18,48.489
E01,Sample X3,40.359
E03,Sample X19,38.461999999999996
G01,Sample X4,37.169000000000004
G03,Sample X20,34.132
I01,Sample X5,20.756999999999998
I03,Sample X21,36.003
K01,Sample X6,34.867
K03,Sample X22,44.20399999999999
M01,Sample X7,23.605
M03,Sample X23,46.256
O01,Sample X8,33.103
O03,Sample X24,58.941
